{
  "$schema": "./node_modules/@angular/cli/lib/config/schema.json",
  "version": 1,
  "projects": {
    "compreface": {
      "projectType": "application",
      "root": "",
      "sourceRoot": "src",
      "prefix": "app",
      "targets": {
        "build": {
          "builder": "@angular-devkit/build-angular:browser",
          "options": {
            "outputPath": "dist/compreface",
            "index": "src/index.html",
            "main": "src/main.ts",
            "polyfills": "src/polyfills.ts",
            "tsConfig": "tsconfig.app.json",
            "aot": true,
            "assets": [
              "src/favicon.ico",
              "src/assets"
            ],
            "styles": [
              "src/styles.scss"
            ]
          }
        },
        "serve": {
          "builder": "@angular-devkit/build-angular:dev-server",
          "options": {
            "browserTarget": "compreface:build"
          },
          "configurations": {
            "production": {
              "browserTarget": "compreface:build:production"
            },
            "dev": {
              "browserTarget": "compreface:build:dev"
            }
          }
        }
      }
    }
  }
}
