{
  "$schema": "./node_modules/@angular/cli/lib/config/schema.json",
  "version": 1,
  "newProjectRoot": "projects",
  "projects": {
    "compreface": {
      "projectType": "application",
      "schematics": {
        "@schematics/angular:component": {
          "style": "scss"
        }
      },
      "root": "",
      "sourceRoot": "src",
      "prefix": "app",
      "targets": {
        "build": {
          "builder": "@angular-devkit/build-angular:browser",
          "options": {
            "outputPath": "dist/compreface",
            "index": "src/index.html",
            "main": "src/main.ts",
            "polyfills": "src/polyfills.ts",
            "tsConfig": "tsconfig.app.json",
            "aot": true,
            "assets": [
              "src/favicon.ico",
              "src/assets"
            ],
            "styles": [
              "src/styles.scss"
            ],
            "stylePreprocessorOptions": {
              "includePaths": [
                "src/styles/"
              ]
            },
            "scripts": []
          },
          "configurations": {
            "production": {
              "fileReplacements": [
                {
                  "replace": "src/environments/environment.ts",
                  "with": "src/environments/environment.prod.ts"
                }
              ],
              "optimization": true,
              "outputHashing": "all",
              "sourceMap": false,
              "namedChunks": false,
              "extractLicenses": true,
              "vendorChunk": false,
              "buildOptimizer": true,
              "budgets": [
                {
                  "type": "initial",
                  "maximumWarning": "2mb",
                  "maximumError": "5mb"
                },
                {
                  "type": "anyComponentStyle",
                  "maximumWarning": "6kb",
                  "maximumError": "10kb"
                }
              ]
            },
            "qa": {
              "budgets": [
                {
                  "type": "anyComponentStyle",
                  "maximumWarning": "6kb"
                }
              ],
              "fileReplacements": [
                {
                  "replace": "src/environments/environment.ts",
                  "with": "src/environments/environment.qa.ts"
                }
              ]
            },
            "dev": {
              "budgets": [
                {
                  "type": "anyComponentStyle",
                  "maximumWarning": "6kb"
                }
              ],
              "fileReplacements": [
                {
                  "replace": "src/environments/environment.ts",
                  "with": "src/environments/environment.dev.ts"
                }
              ]
            },
            "local": {
              "budgets": [
                {
                  "type": "anyComponentStyle",
                  "maximumWarning": "6kb"
                }
              ],
              "fileReplacements": [
                {
                  "replace": "src/environments/environment.ts",
                  "with": "src/environments/environment.local.ts"
                }
              ]
            },
            "docker": {
              "budgets": [
                {
                  "type": "anyComponentStyle",
                  "maximumWarning": "6kb"
                }
              ],
              "fileReplacements": [
                {
                  "replace": "src/environments/environment.ts",
                  "with": "src/environments/environment.docker.ts"
                }
              ]
            }
          }
        },
        "serve": {
          "builder": "@angular-devkit/build-angular:dev-server",
          "options": {
            "browserTarget": "compreface:build"
          },
          "configurations": {
            "production": {
              "browserTarget": "compreface:build:production"
            },
            "dev": {
              "browserTarget": "compreface:build:dev"
            },
            "qa": {
              "browserTarget": "compreface:build:qa"
            },
            "local": {
              "browserTarget": "compreface:build:local"
            }
          }
        },
        "extract-i18n": {
          "builder": "@angular-devkit/build-angular:extract-i18n",
          "options": {
            "browserTarget": "compreface:build"
          }
        },
        "test": {
          "builder": "@angular-devkit/build-angular:karma",
          "options": {
            "main": "src/test.ts",
            "polyfills": "src/polyfills.ts",
            "tsConfig": "tsconfig.spec.json",
            "karmaConfig": "karma.conf.js",
            "assets": [
              "src/favicon.ico",
              "src/assets"
            ],
            "styles": [
              "src/styles.scss"
            ],
            "stylePreprocessorOptions": {
              "includePaths": [
                "src/styles/"
              ]
            },
            "scripts": []
          }
        },
        "lint": {
          "builder": "@angular-eslint/builder:lint",
          "options": {
            "lintFilePatterns": [
              "src/**/*.ts",
              "src/**/*.html"
            ]
          }
        },
        "e2e": {
          "builder": "@angular-devkit/build-angular:protractor",
          "options": {
            "protractorConfig": "e2e/protractor.conf.js",
            "devServerTarget": "compreface:serve"
          },
          "configurations": {
            "production": {
              "devServerTarget": "compreface:serve:production"
            }
          }
        }
      }
    }
  },
  "defaultProject": "compreface",
  "cli": {
    "defaultCollection": "@ngrx/schematics",
    "analytics": false
  }
}
